                  epoch,         train/box_loss,         train/cls_loss,         train/dfl_loss,   metrics/precision(B),      metrics/recall(B),       metrics/mAP50(B),    metrics/mAP50-95(B),           val/box_loss,           val/cls_loss,           val/dfl_loss,                 lr/pg0,                 lr/pg1,                 lr/pg2
                      1,                 1.3236,                 1.5436,                 1.0696,                      0,                      0,                      0,                      0,                      0,                      0,                      0,                0.06695,             9.9448e-05,             9.9448e-05
                      2,                 1.0818,                0.92775,                0.96888,                      0,                      0,                      0,                      0,                      0,                      0,                      0,               0.033716,             0.00019845,             0.00019845
                      3,                0.96857,                0.79443,                0.93338,                      0,                      0,                      0,                      0,                      0,                      0,                      0,             0.00048062,             0.00029646,             0.00029646
                      4,                0.91226,                0.72825,                0.91996,                      0,                      0,                      0,                      0,                      0,                      0,                      0,             0.00029551,             0.00029551,             0.00029551
                      5,                  0.872,                0.68385,                0.91063,                      0,                      0,                      0,                      0,                      0,                      0,                      0,             0.00029551,             0.00029551,             0.00029551
                      6,                 0.8325,                0.64757,                0.89784,                      0,                      0,                      0,                      0,                      0,                      0,                      0,             0.00029401,             0.00029401,             0.00029401
                      7,                0.81184,                0.62344,                0.89696,                      0,                      0,                      0,                      0,                      0,                      0,                      0,             0.00029251,             0.00029251,             0.00029251
                      8,                0.79548,                0.60774,                0.88801,                      0,                      0,                      0,                      0,                      0,                      0,                      0,             0.00029101,             0.00029101,             0.00029101
                      9,                0.77396,                 0.5887,                0.88782,                      0,                      0,                      0,                      0,                      0,                      0,                      0,             0.00028951,             0.00028951,             0.00028951
                     10,                0.76661,                0.57328,                0.88351,                      0,                      0,                      0,                      0,                      0,                      0,                      0,             0.00028802,             0.00028802,             0.00028802
                     11,                0.75158,                0.55996,                0.88393,                      0,                      0,                      0,                      0,                      0,                      0,                      0,             0.00028652,             0.00028652,             0.00028652
                     12,                 0.7402,                0.55425,                0.87902,                      0,                      0,                      0,                      0,                      0,                      0,                      0,             0.00028502,             0.00028502,             0.00028502
                     13,                0.73272,                0.54197,                0.87635,                      0,                      0,                      0,                      0,                      0,                      0,                      0,             0.00028352,             0.00028352,             0.00028352
                     14,                0.72233,                0.53432,                0.87655,                      0,                      0,                      0,                      0,                      0,                      0,                      0,             0.00028202,             0.00028202,             0.00028202
                     15,                0.71039,                0.52864,                0.87196,                      0,                      0,                      0,                      0,                      0,                      0,                      0,             0.00028053,             0.00028053,             0.00028053
                     16,                 0.7147,                0.52711,                0.87535,                      0,                      0,                      0,                      0,                      0,                      0,                      0,             0.00027903,             0.00027903,             0.00027903
                     17,                0.69635,                0.50829,                0.86759,                      0,                      0,                      0,                      0,                      0,                      0,                      0,             0.00027753,             0.00027753,             0.00027753
                     18,                0.69717,                0.50973,                0.86761,                      0,                      0,                      0,                      0,                      0,                      0,                      0,             0.00027603,             0.00027603,             0.00027603
                     19,                0.68323,                0.50197,                0.86577,                      0,                      0,                      0,                      0,                      0,                      0,                      0,             0.00027453,             0.00027453,             0.00027453
                     20,                0.68306,                 0.5033,                0.86575,                      0,                      0,                      0,                      0,                      0,                      0,                      0,             0.00027304,             0.00027304,             0.00027304
                     21,                0.67062,                0.48962,                0.86246,                      0,                      0,                      0,                      0,                      0,                      0,                      0,             0.00027154,             0.00027154,             0.00027154
                     22,                0.67418,                0.48832,                0.86268,                      0,                      0,                      0,                      0,                      0,                      0,                      0,             0.00027004,             0.00027004,             0.00027004
                     23,                0.66822,                0.48464,                 0.8594,                      0,                      0,                      0,                      0,                      0,                      0,                      0,             0.00026854,             0.00026854,             0.00026854
                     24,                 0.6604,                 0.4778,                0.86012,                      0,                      0,                      0,                      0,                      0,                      0,                      0,             0.00026704,             0.00026704,             0.00026704
                     25,                0.66247,                0.48021,                0.86241,                      0,                      0,                      0,                      0,                      0,                      0,                      0,             0.00026554,             0.00026554,             0.00026554
                     26,                0.64939,                0.47075,                0.85816,                      0,                      0,                      0,                      0,                      0,                      0,                      0,             0.00026405,             0.00026405,             0.00026405
                     27,                0.65285,                0.47136,                0.85809,                      0,                      0,                      0,                      0,                      0,                      0,                      0,             0.00026255,             0.00026255,             0.00026255
                     28,                0.64798,                0.47084,                0.85922,                      0,                      0,                      0,                      0,                      0,                      0,                      0,             0.00026105,             0.00026105,             0.00026105
                     29,                 0.6408,                0.46428,                0.85824,                      0,                      0,                      0,                      0,                      0,                      0,                      0,             0.00025955,             0.00025955,             0.00025955
                     30,                0.64327,                0.46498,                0.85512,                      0,                      0,                      0,                      0,                      0,                      0,                      0,             0.00025805,             0.00025805,             0.00025805
                     31,                0.64337,                0.46653,                0.85644,                      0,                      0,                      0,                      0,                      0,                      0,                      0,             0.00025656,             0.00025656,             0.00025656
                     32,                0.63753,                0.46055,                0.85576,                      0,                      0,                      0,                      0,                      0,                      0,                      0,             0.00025506,             0.00025506,             0.00025506
                     33,                0.63566,                0.45789,                0.85566,                      0,                      0,                      0,                      0,                      0,                      0,                      0,             0.00025356,             0.00025356,             0.00025356
                     34,                0.62903,                0.45238,                0.85357,                      0,                      0,                      0,                      0,                      0,                      0,                      0,             0.00025206,             0.00025206,             0.00025206
                     35,                0.62856,                0.45593,                0.85481,                      0,                      0,                      0,                      0,                      0,                      0,                      0,             0.00025056,             0.00025056,             0.00025056
                     36,                0.62416,                 0.4502,                0.85354,                      0,                      0,                      0,                      0,                      0,                      0,                      0,             0.00024907,             0.00024907,             0.00024907
                     37,                 0.6204,                0.44843,                0.85329,                      0,                      0,                      0,                      0,                      0,                      0,                      0,             0.00024757,             0.00024757,             0.00024757
                     38,                0.61792,                0.44293,                0.84878,                      0,                      0,                      0,                      0,                      0,                      0,                      0,             0.00024607,             0.00024607,             0.00024607
                     39,                0.61609,                0.44226,                0.85036,                      0,                      0,                      0,                      0,                      0,                      0,                      0,             0.00024457,             0.00024457,             0.00024457
                     40,                0.61589,                0.43938,                0.85139,                      0,                      0,                      0,                      0,                      0,                      0,                      0,             0.00024307,             0.00024307,             0.00024307
                     41,                0.61236,                0.43893,                0.85004,                      0,                      0,                      0,                      0,                      0,                      0,                      0,             0.00024158,             0.00024158,             0.00024158
                     42,                0.60878,                0.43622,                 0.8497,                      0,                      0,                      0,                      0,                      0,                      0,                      0,             0.00024008,             0.00024008,             0.00024008
                     43,                0.61008,                0.43534,                  0.849,                      0,                      0,                      0,                      0,                      0,                      0,                      0,             0.00023858,             0.00023858,             0.00023858
                     44,                0.60164,                0.43321,                0.84601,                      0,                      0,                      0,                      0,                      0,                      0,                      0,             0.00023708,             0.00023708,             0.00023708
                     45,                0.60071,                0.42891,                0.84661,                      0,                      0,                      0,                      0,                      0,                      0,                      0,             0.00023558,             0.00023558,             0.00023558
                     46,                0.60188,                0.42878,                0.84621,                      0,                      0,                      0,                      0,                      0,                      0,                      0,             0.00023409,             0.00023409,             0.00023409
                     47,                0.59316,                0.42421,                0.84668,                      0,                      0,                      0,                      0,                      0,                      0,                      0,             0.00023259,             0.00023259,             0.00023259
                     48,                0.59888,                0.42851,                0.84805,                      0,                      0,                      0,                      0,                      0,                      0,                      0,             0.00023109,             0.00023109,             0.00023109
                     49,                0.59631,                0.42471,                0.84676,                      0,                      0,                      0,                      0,                      0,                      0,                      0,             0.00022959,             0.00022959,             0.00022959
                     50,                 0.5982,                0.42337,                0.84739,                      0,                      0,                      0,                      0,                      0,                      0,                      0,             0.00022809,             0.00022809,             0.00022809
                     51,                0.59339,                0.42192,                0.84575,                      0,                      0,                      0,                      0,                      0,                      0,                      0,              0.0002266,              0.0002266,              0.0002266
                     52,                0.58684,                0.41959,                0.84463,                      0,                      0,                      0,                      0,                      0,                      0,                      0,              0.0002251,              0.0002251,              0.0002251
                     53,                 0.5855,                0.41718,                 0.8453,                      0,                      0,                      0,                      0,                      0,                      0,                      0,              0.0002236,              0.0002236,              0.0002236
                     54,                 0.5867,                 0.4209,                0.84514,                      0,                      0,                      0,                      0,                      0,                      0,                      0,              0.0002221,              0.0002221,              0.0002221
                     55,                 0.5848,                0.42066,                0.84371,                      0,                      0,                      0,                      0,                      0,                      0,                      0,              0.0002206,              0.0002206,              0.0002206
                     56,                 0.5869,                0.41818,                 0.8443,                      0,                      0,                      0,                      0,                      0,                      0,                      0,             0.00021911,             0.00021911,             0.00021911
                     57,                0.57543,                  0.414,                 0.8442,                      0,                      0,                      0,                      0,                      0,                      0,                      0,             0.00021761,             0.00021761,             0.00021761
                     58,                0.58191,                0.41614,                0.84433,                      0,                      0,                      0,                      0,                      0,                      0,                      0,             0.00021611,             0.00021611,             0.00021611
                     59,                0.57434,                0.40959,                0.84295,                      0,                      0,                      0,                      0,                      0,                      0,                      0,             0.00021461,             0.00021461,             0.00021461
                     60,                0.57919,                0.40914,                0.84424,                      0,                      0,                      0,                      0,                      0,                      0,                      0,             0.00021311,             0.00021311,             0.00021311
                     61,                0.57412,                0.40689,                0.83979,                      0,                      0,                      0,                      0,                      0,                      0,                      0,             0.00021162,             0.00021162,             0.00021162
                     62,                0.57468,                0.41167,                0.84396,                      0,                      0,                      0,                      0,                      0,                      0,                      0,             0.00021012,             0.00021012,             0.00021012
                     63,                0.57584,                0.41146,                0.84139,                      0,                      0,                      0,                      0,                      0,                      0,                      0,             0.00020862,             0.00020862,             0.00020862
                     64,                0.56701,                0.40358,                0.84096,                      0,                      0,                      0,                      0,                      0,                      0,                      0,             0.00020712,             0.00020712,             0.00020712
                     65,                 0.5733,                0.40511,                0.84242,                      0,                      0,                      0,                      0,                      0,                      0,                      0,             0.00020562,             0.00020562,             0.00020562
                     66,                0.56586,                0.40216,                 0.8407,                      0,                      0,                      0,                      0,                      0,                      0,                      0,             0.00020412,             0.00020412,             0.00020412
                     67,                0.56394,                0.39948,                0.84177,                      0,                      0,                      0,                      0,                      0,                      0,                      0,             0.00020263,             0.00020263,             0.00020263
                     68,                0.56141,                0.39862,                0.83866,                      0,                      0,                      0,                      0,                      0,                      0,                      0,             0.00020113,             0.00020113,             0.00020113
                     69,                0.56296,                0.40108,                0.84133,                      0,                      0,                      0,                      0,                      0,                      0,                      0,             0.00019963,             0.00019963,             0.00019963
                     70,                0.56155,                0.39649,                0.83985,                      0,                      0,                      0,                      0,                      0,                      0,                      0,             0.00019813,             0.00019813,             0.00019813
                     71,                0.55699,                0.39667,                0.83913,                      0,                      0,                      0,                      0,                      0,                      0,                      0,             0.00019663,             0.00019663,             0.00019663
                     72,                0.55648,                0.39546,                0.83894,                      0,                      0,                      0,                      0,                      0,                      0,                      0,             0.00019514,             0.00019514,             0.00019514
                     73,                0.55629,                 0.3973,                0.83915,                      0,                      0,                      0,                      0,                      0,                      0,                      0,             0.00019364,             0.00019364,             0.00019364
                     74,                0.55479,                0.39134,                0.83822,                      0,                      0,                      0,                      0,                      0,                      0,                      0,             0.00019214,             0.00019214,             0.00019214
                     75,                0.55674,                0.39899,                0.83885,                      0,                      0,                      0,                      0,                      0,                      0,                      0,             0.00019064,             0.00019064,             0.00019064
                     76,                0.55246,                 0.3923,                0.83875,                      0,                      0,                      0,                      0,                      0,                      0,                      0,             0.00018914,             0.00018914,             0.00018914
                     77,                0.55412,                0.38833,                0.83865,                      0,                      0,                      0,                      0,                      0,                      0,                      0,             0.00018765,             0.00018765,             0.00018765
                     78,                 0.5492,                0.38923,                0.83781,                      0,                      0,                      0,                      0,                      0,                      0,                      0,             0.00018615,             0.00018615,             0.00018615
                     79,                0.54754,                0.39161,                0.83845,                      0,                      0,                      0,                      0,                      0,                      0,                      0,             0.00018465,             0.00018465,             0.00018465
                     80,                0.54872,                0.38889,                0.83587,                      0,                      0,                      0,                      0,                      0,                      0,                      0,             0.00018315,             0.00018315,             0.00018315
                     81,                0.55589,                0.39086,                0.83911,                      0,                      0,                      0,                      0,                      0,                      0,                      0,             0.00018165,             0.00018165,             0.00018165
                     82,                0.54212,                0.38257,                0.83412,                      0,                      0,                      0,                      0,                      0,                      0,                      0,             0.00018016,             0.00018016,             0.00018016
                     83,                0.54126,                0.38342,                0.83532,                      0,                      0,                      0,                      0,                      0,                      0,                      0,             0.00017866,             0.00017866,             0.00017866
                     84,                0.54586,                0.38591,                0.83656,                      0,                      0,                      0,                      0,                      0,                      0,                      0,             0.00017716,             0.00017716,             0.00017716
                     85,                0.54315,                0.38534,                0.83583,                      0,                      0,                      0,                      0,                      0,                      0,                      0,             0.00017566,             0.00017566,             0.00017566
                     86,                0.54843,                0.38477,                0.83603,                      0,                      0,                      0,                      0,                      0,                      0,                      0,             0.00017416,             0.00017416,             0.00017416
                     87,                0.54185,                0.38145,                0.83449,                      0,                      0,                      0,                      0,                      0,                      0,                      0,             0.00017267,             0.00017267,             0.00017267
                     88,                0.53754,                0.38163,                 0.8346,                      0,                      0,                      0,                      0,                      0,                      0,                      0,             0.00017117,             0.00017117,             0.00017117
                     89,                0.53763,                0.38212,                0.83639,                      0,                      0,                      0,                      0,                      0,                      0,                      0,             0.00016967,             0.00016967,             0.00016967
                     90,                0.53804,                0.38109,                0.83539,                      0,                      0,                      0,                      0,                      0,                      0,                      0,             0.00016817,             0.00016817,             0.00016817
                     91,                 0.5421,                0.38278,                 0.8366,                      0,                      0,                      0,                      0,                      0,                      0,                      0,             0.00016667,             0.00016667,             0.00016667
                     92,                0.53605,                 0.3776,                 0.8342,                      0,                      0,                      0,                      0,                      0,                      0,                      0,             0.00016518,             0.00016518,             0.00016518
                     93,                0.54074,                0.38117,                0.83515,                      0,                      0,                      0,                      0,                      0,                      0,                      0,             0.00016368,             0.00016368,             0.00016368
                     94,                 0.5319,                0.37831,                0.83421,                      0,                      0,                      0,                      0,                      0,                      0,                      0,             0.00016218,             0.00016218,             0.00016218
                     95,                0.53889,                0.38176,                0.83776,                      0,                      0,                      0,                      0,                      0,                      0,                      0,             0.00016068,             0.00016068,             0.00016068
                     96,                0.53293,                0.37402,                0.83524,                      0,                      0,                      0,                      0,                      0,                      0,                      0,             0.00015918,             0.00015918,             0.00015918
                     97,                0.53229,                0.37706,                0.83387,                      0,                      0,                      0,                      0,                      0,                      0,                      0,             0.00015769,             0.00015769,             0.00015769
                     98,                0.53115,                0.37481,                  0.834,                      0,                      0,                      0,                      0,                      0,                      0,                      0,             0.00015619,             0.00015619,             0.00015619
                     99,                0.52767,                0.37298,                0.83596,                      0,                      0,                      0,                      0,                      0,                      0,                      0,             0.00015469,             0.00015469,             0.00015469
                    100,                0.52831,                0.37538,                0.83294,                      0,                      0,                      0,                      0,                      0,                      0,                      0,             0.00015319,             0.00015319,             0.00015319
                    101,                0.53146,                0.37654,                0.83611,                      0,                      0,                      0,                      0,                      0,                      0,                      0,             0.00015169,             0.00015169,             0.00015169
                    102,                0.52499,                0.36917,                0.83073,                      0,                      0,                      0,                      0,                      0,                      0,                      0,             0.00015019,             0.00015019,             0.00015019
                    103,                0.52395,                0.37166,                0.83356,                      0,                      0,                      0,                      0,                      0,                      0,                      0,              0.0001487,              0.0001487,              0.0001487
                    104,                0.52406,                0.36947,                0.83144,                      0,                      0,                      0,                      0,                      0,                      0,                      0,              0.0001472,              0.0001472,              0.0001472
                    105,                0.52551,                0.37081,                0.83164,                      0,                      0,                      0,                      0,                      0,                      0,                      0,              0.0001457,              0.0001457,              0.0001457
                    106,                0.51946,                0.36599,                0.83356,                      0,                      0,                      0,                      0,                      0,                      0,                      0,              0.0001442,              0.0001442,              0.0001442
                    107,                0.52256,                0.36746,                0.83485,                      0,                      0,                      0,                      0,                      0,                      0,                      0,              0.0001427,              0.0001427,              0.0001427
                    108,                0.52705,                0.37047,                0.83394,                      0,                      0,                      0,                      0,                      0,                      0,                      0,             0.00014121,             0.00014121,             0.00014121
                    109,                0.51901,                0.36651,                0.83094,                      0,                      0,                      0,                      0,                      0,                      0,                      0,             0.00013971,             0.00013971,             0.00013971
                    110,                0.51911,                0.36993,                0.83181,                      0,                      0,                      0,                      0,                      0,                      0,                      0,             0.00013821,             0.00013821,             0.00013821
                    111,                0.51753,                0.36566,                0.83099,                      0,                      0,                      0,                      0,                      0,                      0,                      0,             0.00013671,             0.00013671,             0.00013671
                    112,                 0.5179,                0.36495,                0.83093,                      0,                      0,                      0,                      0,                      0,                      0,                      0,             0.00013521,             0.00013521,             0.00013521
                    113,                0.51125,                0.36384,                0.83031,                      0,                      0,                      0,                      0,                      0,                      0,                      0,             0.00013372,             0.00013372,             0.00013372
                    114,                0.51368,                0.36152,                0.83028,                      0,                      0,                      0,                      0,                      0,                      0,                      0,             0.00013222,             0.00013222,             0.00013222
                    115,                 0.5206,                0.36243,                 0.8307,                      0,                      0,                      0,                      0,                      0,                      0,                      0,             0.00013072,             0.00013072,             0.00013072
                    116,                0.50878,                0.35876,                0.83151,                      0,                      0,                      0,                      0,                      0,                      0,                      0,             0.00012922,             0.00012922,             0.00012922
                    117,                0.51573,                0.36275,                0.83074,                      0,                      0,                      0,                      0,                      0,                      0,                      0,             0.00012772,             0.00012772,             0.00012772
                    118,                0.51334,                0.35981,                0.83128,                      0,                      0,                      0,                      0,                      0,                      0,                      0,             0.00012623,             0.00012623,             0.00012623
                    119,                0.50984,                0.35919,                0.83092,                      0,                      0,                      0,                      0,                      0,                      0,                      0,             0.00012473,             0.00012473,             0.00012473
                    120,                0.51067,                0.36111,                0.83291,                      0,                      0,                      0,                      0,                      0,                      0,                      0,             0.00012323,             0.00012323,             0.00012323
                    121,                0.50686,                0.35633,                0.82983,                      0,                      0,                      0,                      0,                      0,                      0,                      0,             0.00012173,             0.00012173,             0.00012173
                    122,                0.50509,                0.35779,                0.82778,                      0,                      0,                      0,                      0,                      0,                      0,                      0,             0.00012023,             0.00012023,             0.00012023
                    123,                0.51207,                0.36079,                0.83022,                      0,                      0,                      0,                      0,                      0,                      0,                      0,             0.00011874,             0.00011874,             0.00011874
                    124,                0.50902,                0.35676,                 0.8312,                      0,                      0,                      0,                      0,                      0,                      0,                      0,             0.00011724,             0.00011724,             0.00011724
                    125,                0.50984,                 0.3585,                0.82747,                      0,                      0,                      0,                      0,                      0,                      0,                      0,             0.00011574,             0.00011574,             0.00011574
                    126,                0.50592,                0.35682,                0.82988,                      0,                      0,                      0,                      0,                      0,                      0,                      0,             0.00011424,             0.00011424,             0.00011424
                    127,                0.49986,                0.35323,                0.82899,                      0,                      0,                      0,                      0,                      0,                      0,                      0,             0.00011274,             0.00011274,             0.00011274
                    128,                0.50747,                0.35591,                0.82956,                      0,                      0,                      0,                      0,                      0,                      0,                      0,             0.00011125,             0.00011125,             0.00011125
                    129,                0.50711,                0.35412,                0.82838,                      0,                      0,                      0,                      0,                      0,                      0,                      0,             0.00010975,             0.00010975,             0.00010975
                    130,                0.50674,                0.35526,                0.82973,                      0,                      0,                      0,                      0,                      0,                      0,                      0,             0.00010825,             0.00010825,             0.00010825
                    131,                0.50454,                0.35323,                0.82885,                      0,                      0,                      0,                      0,                      0,                      0,                      0,             0.00010675,             0.00010675,             0.00010675
                    132,                0.50463,                0.35194,                0.82598,                      0,                      0,                      0,                      0,                      0,                      0,                      0,             0.00010525,             0.00010525,             0.00010525
                    133,                0.49658,                0.34878,                0.82582,                      0,                      0,                      0,                      0,                      0,                      0,                      0,             0.00010376,             0.00010376,             0.00010376
                    134,                 0.5036,                0.35312,                0.82794,                      0,                      0,                      0,                      0,                      0,                      0,                      0,             0.00010226,             0.00010226,             0.00010226
                    135,                0.49765,                0.35105,                0.82781,                      0,                      0,                      0,                      0,                      0,                      0,                      0,             0.00010076,             0.00010076,             0.00010076
                    136,                0.50576,                0.35339,                0.83094,                      0,                      0,                      0,                      0,                      0,                      0,                      0,             9.9261e-05,             9.9261e-05,             9.9261e-05
                    137,                0.49777,                0.34888,                0.82662,                      0,                      0,                      0,                      0,                      0,                      0,                      0,             9.7763e-05,             9.7763e-05,             9.7763e-05
                    138,                0.49281,                0.35042,                0.82689,                      0,                      0,                      0,                      0,                      0,                      0,                      0,             9.6265e-05,             9.6265e-05,             9.6265e-05
                    139,                0.49767,                0.34924,                0.82813,                      0,                      0,                      0,                      0,                      0,                      0,                      0,             9.4767e-05,             9.4767e-05,             9.4767e-05
                    140,                0.49579,                0.35059,                0.82803,                      0,                      0,                      0,                      0,                      0,                      0,                      0,             9.3269e-05,             9.3269e-05,             9.3269e-05
                    141,                0.49429,                0.34429,                 0.8281,                      0,                      0,                      0,                      0,                      0,                      0,                      0,             9.1771e-05,             9.1771e-05,             9.1771e-05
                    142,                0.49097,                0.34429,                0.82611,                      0,                      0,                      0,                      0,                      0,                      0,                      0,             9.0273e-05,             9.0273e-05,             9.0273e-05
                    143,                 0.4945,                0.34811,                0.82751,                      0,                      0,                      0,                      0,                      0,                      0,                      0,             8.8775e-05,             8.8775e-05,             8.8775e-05
                    144,                0.49261,                0.34404,                0.82727,                      0,                      0,                      0,                      0,                      0,                      0,                      0,             8.7277e-05,             8.7277e-05,             8.7277e-05
                    145,                0.49405,                0.34798,                0.82653,                      0,                      0,                      0,                      0,                      0,                      0,                      0,             8.5779e-05,             8.5779e-05,             8.5779e-05
                    146,                0.49183,                0.34657,                0.82623,                      0,                      0,                      0,                      0,                      0,                      0,                      0,             8.4281e-05,             8.4281e-05,             8.4281e-05
                    147,                0.48977,                0.34289,                0.82681,                      0,                      0,                      0,                      0,                      0,                      0,                      0,             8.2783e-05,             8.2783e-05,             8.2783e-05
                    148,                0.49074,                0.34588,                0.82531,                      0,                      0,                      0,                      0,                      0,                      0,                      0,             8.1285e-05,             8.1285e-05,             8.1285e-05
                    149,                0.48663,                0.34024,                0.82574,                      0,                      0,                      0,                      0,                      0,                      0,                      0,             7.9787e-05,             7.9787e-05,             7.9787e-05
                    150,                0.48689,                 0.3414,                0.82672,                      0,                      0,                      0,                      0,                      0,                      0,                      0,             7.8289e-05,             7.8289e-05,             7.8289e-05
                    151,                0.48539,                 0.3413,                0.82742,                      0,                      0,                      0,                      0,                      0,                      0,                      0,             7.6791e-05,             7.6791e-05,             7.6791e-05
                    152,                0.48648,                0.34302,                0.82512,                      0,                      0,                      0,                      0,                      0,                      0,                      0,             7.5292e-05,             7.5292e-05,             7.5292e-05
                    153,                0.49131,                 0.3422,                0.82691,                      0,                      0,                      0,                      0,                      0,                      0,                      0,             7.3794e-05,             7.3794e-05,             7.3794e-05
                    154,                0.48735,                0.34147,                0.82459,                      0,                      0,                      0,                      0,                      0,                      0,                      0,             7.2296e-05,             7.2296e-05,             7.2296e-05
                    155,                0.48335,                0.33816,                0.82381,                      0,                      0,                      0,                      0,                      0,                      0,                      0,             7.0798e-05,             7.0798e-05,             7.0798e-05
                    156,                0.48552,                0.33977,                0.82625,                      0,                      0,                      0,                      0,                      0,                      0,                      0,               6.93e-05,               6.93e-05,               6.93e-05
                    157,                0.48026,                0.34031,                0.82439,                      0,                      0,                      0,                      0,                      0,                      0,                      0,             6.7802e-05,             6.7802e-05,             6.7802e-05
                    158,                0.48234,                0.33654,                0.82705,                      0,                      0,                      0,                      0,                      0,                      0,                      0,             6.6304e-05,             6.6304e-05,             6.6304e-05
                    159,                0.48782,                0.34192,                0.82574,                      0,                      0,                      0,                      0,                      0,                      0,                      0,             6.4806e-05,             6.4806e-05,             6.4806e-05
                    160,                0.48383,                0.33781,                 0.8267,                      0,                      0,                      0,                      0,                      0,                      0,                      0,             6.3308e-05,             6.3308e-05,             6.3308e-05
                    161,                0.47736,                0.33321,                0.82555,                      0,                      0,                      0,                      0,                      0,                      0,                      0,              6.181e-05,              6.181e-05,              6.181e-05
                    162,                0.48135,                0.33932,                0.82431,                      0,                      0,                      0,                      0,                      0,                      0,                      0,             6.0312e-05,             6.0312e-05,             6.0312e-05
                    163,                0.47787,                0.33522,                0.82264,                      0,                      0,                      0,                      0,                      0,                      0,                      0,             5.8814e-05,             5.8814e-05,             5.8814e-05
                    164,                0.47665,                0.33395,                0.82334,                      0,                      0,                      0,                      0,                      0,                      0,                      0,             5.7316e-05,             5.7316e-05,             5.7316e-05
                    165,                0.47677,                0.33512,                0.82387,                      0,                      0,                      0,                      0,                      0,                      0,                      0,             5.5818e-05,             5.5818e-05,             5.5818e-05
                    166,                0.48351,                0.33887,                0.82553,                      0,                      0,                      0,                      0,                      0,                      0,                      0,              5.432e-05,              5.432e-05,              5.432e-05
                    167,                 0.4796,                0.33465,                0.82515,                      0,                      0,                      0,                      0,                      0,                      0,                      0,             5.2822e-05,             5.2822e-05,             5.2822e-05
                    168,                0.48207,                0.33737,                0.82722,                      0,                      0,                      0,                      0,                      0,                      0,                      0,             5.1324e-05,             5.1324e-05,             5.1324e-05
                    169,                0.47642,                0.33434,                0.82464,                      0,                      0,                      0,                      0,                      0,                      0,                      0,             4.9826e-05,             4.9826e-05,             4.9826e-05
                    170,                0.47142,                0.33306,                0.82171,                      0,                      0,                      0,                      0,                      0,                      0,                      0,             4.8328e-05,             4.8328e-05,             4.8328e-05
                    171,                0.47708,                0.33501,                0.82592,                      0,                      0,                      0,                      0,                      0,                      0,                      0,              4.683e-05,              4.683e-05,              4.683e-05
                    172,                0.46775,                0.32668,                0.82375,                      0,                      0,                      0,                      0,                      0,                      0,                      0,             4.5331e-05,             4.5331e-05,             4.5331e-05
                    173,                0.47105,                0.33199,                0.82234,                      0,                      0,                      0,                      0,                      0,                      0,                      0,             4.3833e-05,             4.3833e-05,             4.3833e-05
                    174,                 0.4731,                0.33226,                0.82261,                      0,                      0,                      0,                      0,                      0,                      0,                      0,             4.2335e-05,             4.2335e-05,             4.2335e-05
                    175,                0.47047,                0.33095,                0.82259,                      0,                      0,                      0,                      0,                      0,                      0,                      0,             4.0837e-05,             4.0837e-05,             4.0837e-05
                    176,                0.47333,                0.33026,                0.82253,                      0,                      0,                      0,                      0,                      0,                      0,                      0,             3.9339e-05,             3.9339e-05,             3.9339e-05
                    177,                0.47511,                0.33111,                0.82361,                      0,                      0,                      0,                      0,                      0,                      0,                      0,             3.7841e-05,             3.7841e-05,             3.7841e-05
                    178,                0.47179,                0.33102,                0.82333,                      0,                      0,                      0,                      0,                      0,                      0,                      0,             3.6343e-05,             3.6343e-05,             3.6343e-05
                    179,                0.46802,                0.32873,                0.82174,                      0,                      0,                      0,                      0,                      0,                      0,                      0,             3.4845e-05,             3.4845e-05,             3.4845e-05
                    180,                0.47246,                0.33034,                 0.8221,                      0,                      0,                      0,                      0,                      0,                      0,                      0,             3.3347e-05,             3.3347e-05,             3.3347e-05
                    181,                0.46967,                0.33127,                0.82272,                      0,                      0,                      0,                      0,                      0,                      0,                      0,             3.1849e-05,             3.1849e-05,             3.1849e-05
                    182,                 0.4681,                0.32735,                0.82446,                      0,                      0,                      0,                      0,                      0,                      0,                      0,             3.0351e-05,             3.0351e-05,             3.0351e-05
                    183,                0.47092,                0.33069,                0.82268,                      0,                      0,                      0,                      0,                      0,                      0,                      0,             2.8853e-05,             2.8853e-05,             2.8853e-05
                    184,                0.46963,                0.33004,                0.82405,                      0,                      0,                      0,                      0,                      0,                      0,                      0,             2.7355e-05,             2.7355e-05,             2.7355e-05
                    185,                0.46672,                0.32545,                0.81981,                      0,                      0,                      0,                      0,                      0,                      0,                      0,             2.5857e-05,             2.5857e-05,             2.5857e-05
                    186,                0.46741,                0.32645,                 0.8221,                      0,                      0,                      0,                      0,                      0,                      0,                      0,             2.4359e-05,             2.4359e-05,             2.4359e-05
                    187,                 0.4661,                0.32795,                0.82167,                      0,                      0,                      0,                      0,                      0,                      0,                      0,             2.2861e-05,             2.2861e-05,             2.2861e-05
                    188,                0.46419,                0.32556,                 0.8225,                      0,                      0,                      0,                      0,                      0,                      0,                      0,             2.1363e-05,             2.1363e-05,             2.1363e-05
                    189,                0.46563,                0.32743,                0.82228,                      0,                      0,                      0,                      0,                      0,                      0,                      0,             1.9865e-05,             1.9865e-05,             1.9865e-05
                    190,                0.46546,                0.32475,                 0.8221,                      0,                      0,                      0,                      0,                      0,                      0,                      0,             1.8367e-05,             1.8367e-05,             1.8367e-05
                    191,                0.42712,                0.29136,                0.80054,                      0,                      0,                      0,                      0,                      0,                      0,                      0,             1.6869e-05,             1.6869e-05,             1.6869e-05
                    192,                0.42049,                 0.2868,                0.79923,                      0,                      0,                      0,                      0,                      0,                      0,                      0,             1.5371e-05,             1.5371e-05,             1.5371e-05
                    193,                0.41712,                 0.2873,                0.79896,                      0,                      0,                      0,                      0,                      0,                      0,                      0,             1.3872e-05,             1.3872e-05,             1.3872e-05
                    194,                 0.4172,                0.28506,                0.79914,                      0,                      0,                      0,                      0,                      0,                      0,                      0,             1.2374e-05,             1.2374e-05,             1.2374e-05
                    195,                0.41417,                0.28276,                0.79952,                      0,                      0,                      0,                      0,                      0,                      0,                      0,             1.0876e-05,             1.0876e-05,             1.0876e-05
                    196,                0.41508,                0.28384,                0.79787,                      0,                      0,                      0,                      0,                      0,                      0,                      0,             9.3783e-06,             9.3783e-06,             9.3783e-06
                    197,                0.41391,                0.28242,                0.79794,                      0,                      0,                      0,                      0,                      0,                      0,                      0,             7.8803e-06,             7.8803e-06,             7.8803e-06
                    198,                0.41158,                0.28144,                0.79758,                      0,                      0,                      0,                      0,                      0,                      0,                      0,             6.3822e-06,             6.3822e-06,             6.3822e-06
                    199,                0.41321,                0.28227,                0.79924,                      0,                      0,                      0,                      0,                      0,                      0,                      0,             4.8842e-06,             4.8842e-06,             4.8842e-06
